{
  "num_instances": 653,
  "num_unique_ids": 88,
  "num_cameras": 7,
  "camera_list": [
    "C1",
    "C2",
    "C3",
    "C4",
    "C5",
    "C6",
    "C7"
  ],
  "split": "train",
  "mean_cos_fv_tv": 0.1325702965259552,
  "skipped_instances": 0,
  "nan_inf_count": 0,
  "teacher": {
    "same_cos": 0.9599732160568237,
    "diff_cos": 0.929640531539917,
    "gap": 0.03033268451690674,
    "top1": 0.642967542503864,
    "top5": 0.8500772797527048,
    "mAP": 0.46296311159450043,
    "skipped_queries": 6
  },
  "student": {
    "same_cos": 0.6019275188446045,
    "diff_cos": 0.6184312701225281,
    "gap": -0.016503751277923584,
    "top1": 0.10664605873261206,
    "top5": 0.20247295208655333,
    "mAP": 0.043841940582496824,
    "skipped_queries": 6
  },
  "random": {
    "top1": 0.011363636363636364,
    "top5": 0.056818181818181816
  },
  "ratios": {
    "top1_student_teacher": 0.1658653846153846,
    "top5_student_teacher": 0.23818181818181822,
    "gap_student_teacher": -0.5440913503295356
  },
  "judgment": "BELOW"
}