{
  "num_instances": 653,
  "num_unique_ids": 88,
  "num_cameras": 7,
  "camera_list": [
    "C1",
    "C2",
    "C3",
    "C4",
    "C5",
    "C6",
    "C7"
  ],
  "split": "train",
  "mean_cos_fv_tv": 0.5190455913543701,
  "skipped_instances": 0,
  "nan_inf_count": 0,
  "teacher": {
    "same_cos": 0.9599732160568237,
    "diff_cos": 0.929640531539917,
    "gap": 0.03033268451690674,
    "top1": 0.642967542503864,
    "top5": 0.8500772797527048,
    "mAP": 0.46296311159450043,
    "skipped_queries": 6
  },
  "student": {
    "same_cos": 0.9993592500686646,
    "diff_cos": 0.9987843036651611,
    "gap": 0.000574946403503418,
    "top1": 0.013910355486862442,
    "top5": 0.07882534775888717,
    "mAP": 0.025122664221905008,
    "skipped_queries": 6
  },
  "random": {
    "top1": 0.011363636363636364,
    "top5": 0.056818181818181816
  },
  "ratios": {
    "top1_student_teacher": 0.021634615384615384,
    "top5_student_teacher": 0.09272727272727273,
    "gap_student_teacher": 0.018954682470750522
  },
  "judgment": "BELOW"
}