{
  "num_instances": 40,
  "num_unique_ids": 28,
  "num_cameras": 3,
  "camera_list": [
    "C1",
    "C2",
    "C5"
  ],
  "split": "train",
  "mean_cos_fv_tv": 0.577494740486145,
  "skipped_instances": 243,
  "nan_inf_count": 0,
  "teacher": {
    "same_cos": 0.9695060849189758,
    "diff_cos": 0.9377738833427429,
    "gap": 0.03173220157623291,
    "top1": 0.375,
    "top5": 0.7916666666666666,
    "mAP": 0.30562042124542127,
    "skipped_queries": 16
  },
  "student": {
    "same_cos": 1.0,
    "diff_cos": 0.9089638590812683,
    "gap": 0.09103614091873169,
    "top1": 0.041666666666666664,
    "top5": 0.125,
    "mAP": 0.08180295843701126,
    "skipped_queries": 16
  },
  "random": {
    "top1": 0.03571428571428571,
    "top5": 0.17857142857142858
  },
  "ratios": {
    "top1_student_teacher": 0.1111111111111111,
    "top5_student_teacher": 0.15789473684210528,
    "gap_student_teacher": 2.868888271115636
  },
  "judgment": "BELOW"
}