{
  "num_instances": 422,
  "num_unique_ids": 82,
  "num_cameras": 5,
  "camera_list": [
    "C1",
    "C4",
    "C5",
    "C6",
    "C7"
  ],
  "split": "train",
  "mean_cos_fv_tv": 0.2520774304866791,
  "skipped_instances": 231,
  "nan_inf_count": 0,
  "teacher": {
    "same_cos": 0.9644122123718262,
    "diff_cos": 0.9289382100105286,
    "gap": 0.03547400236129761,
    "top1": 0.6715328467153284,
    "top5": 0.8856447688564477,
    "mAP": 0.5226533513719367,
    "skipped_queries": 11
  },
  "student": {
    "same_cos": 0.9984784126281738,
    "diff_cos": 0.9983178973197937,
    "gap": 0.00016051530838012695,
    "top1": 0.07785888077858881,
    "top5": 0.25060827250608275,
    "mAP": 0.058369551070132204,
    "skipped_queries": 11
  },
  "random": {
    "top1": 0.012195121951219513,
    "top5": 0.06097560975609756
  },
  "ratios": {
    "top1_student_teacher": 0.11594202898550726,
    "top5_student_teacher": 0.28296703296703296,
    "gap_student_teacher": 0.0045248716720854235
  },
  "judgment": "BELOW"
}