{
  "num_instances": 229,
  "num_unique_ids": 71,
  "num_cameras": 5,
  "camera_list": [
    "C1",
    "C2",
    "C5",
    "C6",
    "C7"
  ],
  "split": "train",
  "mean_cos_fv_tv": 0.30960896611213684,
  "skipped_instances": 54,
  "nan_inf_count": 0,
  "teacher": {
    "same_cos": 0.9568517208099365,
    "diff_cos": 0.9307509064674377,
    "gap": 0.02610081434249878,
    "top1": 0.48372093023255813,
    "top5": 0.8325581395348837,
    "mAP": 0.35299171307353133,
    "skipped_queries": 14
  },
  "student": {
    "same_cos": 0.9999821782112122,
    "diff_cos": 0.9999751448631287,
    "gap": 7.033348083496094e-06,
    "top1": 0.013953488372093023,
    "top5": 0.06046511627906977,
    "mAP": 0.032232402524377445,
    "skipped_queries": 14
  },
  "random": {
    "top1": 0.014084507042253521,
    "top5": 0.07042253521126761
  },
  "ratios": {
    "top1_student_teacher": 0.028846153846153848,
    "top5_student_teacher": 0.07262569832402235,
    "gap_student_teacher": 0.00026946853041454765
  },
  "judgment": "BELOW"
}