{
  "num_instances": 167,
  "num_unique_ids": 68,
  "num_cameras": 4,
  "camera_list": [
    "C1",
    "C5",
    "C6",
    "C7"
  ],
  "split": "train",
  "mean_cos_fv_tv": 0.22734743356704712,
  "skipped_instances": 116,
  "nan_inf_count": 0,
  "teacher": {
    "same_cos": 0.9640131592750549,
    "diff_cos": 0.9292482733726501,
    "gap": 0.034764885902404785,
    "top1": 0.525974025974026,
    "top5": 0.8701298701298701,
    "mAP": 0.4077021624341342,
    "skipped_queries": 13
  },
  "student": {
    "same_cos": 0.9999974966049194,
    "diff_cos": 0.9999975562095642,
    "gap": -5.960464477539063e-08,
    "top1": 0.025974025974025976,
    "top5": 0.11688311688311688,
    "mAP": 0.03799284313241586,
    "skipped_queries": 13
  },
  "random": {
    "top1": 0.014705882352941176,
    "top5": 0.07352941176470588
  },
  "ratios": {
    "top1_student_teacher": 0.04938271604938272,
    "top5_student_teacher": 0.13432835820895522,
    "gap_student_teacher": -1.7145071306351562e-06
  },
  "judgment": "BELOW"
}