{
  "num_instances": 394,
  "num_unique_ids": 82,
  "num_cameras": 4,
  "camera_list": [
    "C1",
    "C4",
    "C6",
    "C7"
  ],
  "split": "train",
  "mean_cos_fv_tv": 0.25709959864616394,
  "skipped_instances": 259,
  "nan_inf_count": 0,
  "teacher": {
    "same_cos": 0.9646137952804565,
    "diff_cos": 0.9291713237762451,
    "gap": 0.035442471504211426,
    "top1": 0.6710526315789473,
    "top5": 0.8842105263157894,
    "mAP": 0.5188609507266165,
    "skipped_queries": 14
  },
  "student": {
    "same_cos": 0.9999357461929321,
    "diff_cos": 0.9999305009841919,
    "gap": 5.245208740234375e-06,
    "top1": 0.11578947368421053,
    "top5": 0.2578947368421053,
    "mAP": 0.06885539889736139,
    "skipped_queries": 14
  },
  "random": {
    "top1": 0.012195121951219513,
    "top5": 0.06097560975609756
  },
  "ratios": {
    "top1_student_teacher": 0.17254901960784313,
    "top5_student_teacher": 0.2916666666666667,
    "gap_student_teacher": 0.00014799218332195362
  },
  "judgment": "BELOW"
}