{
  "num_instances": 108,
  "num_unique_ids": 50,
  "num_cameras": 3,
  "camera_list": [
    "C2",
    "C3",
    "C6"
  ],
  "split": "train",
  "mean_cos_fv_tv": 0.06263405829668045,
  "skipped_instances": 0,
  "nan_inf_count": 0,
  "teacher": {
    "same_cos": 0.9535026550292969,
    "diff_cos": 0.9318385720252991,
    "gap": 0.021664083003997803,
    "top1": 0.40425531914893614,
    "top5": 0.648936170212766,
    "mAP": 0.2721243304512162,
    "skipped_queries": 14
  },
  "student": {
    "same_cos": 0.012499997392296791,
    "diff_cos": 0.1977384388446808,
    "gap": -0.185238441452384,
    "top1": 0.031914893617021274,
    "top5": 0.0425531914893617,
    "mAP": 0.03840033490352427,
    "skipped_queries": 14
  },
  "random": {
    "top1": 0.02,
    "top5": 0.1
  },
  "ratios": {
    "top1_student_teacher": 0.07894736842105263,
    "top5_student_teacher": 0.06557377049180328,
    "gap_student_teacher": -8.550486139579544
  },
  "judgment": "BELOW"
}